{
  "$schema": "https://developer.joomla.org/schemas/json-schema/web_assets.json",
  "name": "com_accounting",
  "version": "4.0.0",
  "description": "Joomla CMS",
  "license": "GPL-3.0-or-later",
  "assets": [
    {
      "name": "com_accounting.accounting",
      "type": "script",
      "uri": "com_accounting/accounting.js",
      "dependencies": [
        "core"
      ],
      "attributes": {
        "defer": true
      }
    },
    {
      "name": "com_accounting.accounting",
      "type": "style",
      "uri": "com_accounting/accounting.css"
    }
  ]
}
